,Date,Version,Path,Views
0,2025-11-03 00:00:00,latest,/conclusions.html,1
1,2025-11-03 00:00:00,latest,/index.html,3
2,2025-11-02 00:00:00,latest,/conclusions.html,1
3,2025-11-02 00:00:00,latest,/,1
4,2025-11-02 00:00:00,latest,/index.html,3
5,2025-11-01 00:00:00,latest,/,3
6,2025-11-01 00:00:00,latest,/conclusions.html,1
7,2025-11-01 00:00:00,latest,/references.html,1
8,2025-11-01 00:00:00,latest,/index.html,3
9,2025-10-31 00:00:00,latest,/introduction.html,1
10,2025-10-31 00:00:00,latest,/,1
11,2025-10-31 00:00:00,latest,/index.html,5
12,2025-10-31 00:00:00,latest,/tools.html,5
13,2025-10-31 00:00:00,latest,/conclusions.html,2
14,2025-10-31 00:00:00,latest,/references.html,1
15,2025-10-30 00:00:00,latest,/introduction.html,1
16,2025-10-30 00:00:00,latest,/,3
17,2025-10-30 00:00:00,latest,/index.html,7
18,2025-10-30 00:00:00,latest,/funding.html,1
19,2025-10-30 00:00:00,latest,/challengesopportunities.html,7
20,2025-10-30 00:00:00,latest,/tools.html,3
21,2025-10-30 00:00:00,latest,/conclusions.html,2
22,2025-10-30 00:00:00,latest,/community.html,1
23,2025-10-29 00:00:00,latest,/index.html,5
24,2025-10-29 00:00:00,latest,/introduction.html,2
25,2025-10-29 00:00:00,latest,/tools.html,1
26,2025-10-29 00:00:00,latest,/references.html,1
27,2025-10-29 00:00:00,latest,/conclusions.html,2
28,2025-10-29 00:00:00,latest,/,1
29,2025-10-28 00:00:00,latest,/index.html,4
30,2025-10-28 00:00:00,latest,/funding.html,1
31,2025-10-28 00:00:00,latest,/challengesopportunities.html,1
32,2025-10-28 00:00:00,latest,/community.html,1
33,2025-10-28 00:00:00,latest,/introduction.html,1
34,2025-10-28 00:00:00,latest,/tools.html,1
35,2025-10-27 00:00:00,latest,/introduction.html,2
36,2025-10-27 00:00:00,latest,/index.html,6
37,2025-10-27 00:00:00,latest,/funding.html,1
38,2025-10-27 00:00:00,latest,/search.html,1
39,2025-10-27 00:00:00,latest,/tools.html,1
40,2025-10-27 00:00:00,latest,/challengesopportunities.html,1
41,2025-10-27 00:00:00,latest,/conclusions.html,2
42,2025-10-27 00:00:00,latest,/references.html,1
43,2025-10-27 00:00:00,latest,/,2
44,2025-10-26 00:00:00,latest,/search.html,1
45,2025-10-26 00:00:00,latest,/challengesopportunities.html,1
46,2025-10-26 00:00:00,latest,/tools.html,1
47,2025-10-26 00:00:00,latest,/introduction.html,1
48,2025-10-26 00:00:00,latest,/genindex.html,1
49,2025-10-26 00:00:00,latest,/index.html,4
50,2025-10-26 00:00:00,latest,/community.html,1
51,2025-10-26 00:00:00,latest,/conclusions.html,1
52,2025-10-25 00:00:00,latest,/challengesopportunities.html,1
53,2025-10-25 00:00:00,latest,/,1
54,2025-10-25 00:00:00,latest,/community.html,1
55,2025-10-25 00:00:00,latest,/conclusions.html,1
56,2025-10-25 00:00:00,latest,/tools.html,1
57,2025-10-25 00:00:00,latest,/genindex.html,1
58,2025-10-25 00:00:00,latest,/index.html,2
59,2025-10-25 00:00:00,latest,/search.html,1
60,2025-10-24 00:00:00,latest,/index.html,2
61,2025-10-24 00:00:00,latest,/tools.html,2
62,2025-10-24 00:00:00,latest,/conclusions.html,1
63,2025-10-24 00:00:00,latest,/references.html,1
64,2025-10-24 00:00:00,latest,/,2
65,2025-10-24 00:00:00,latest,/challengesopportunities.html,1
66,2025-10-23 00:00:00,latest,/challengesopportunities.html,1
67,2025-10-23 00:00:00,latest,/index.html,3
68,2025-10-23 00:00:00,latest,/genindex.html,1
69,2025-10-23 00:00:00,latest,/community.html,1
70,2025-10-23 00:00:00,latest,/introduction.html,1
71,2025-10-23 00:00:00,latest,/funding.html,1
72,2025-10-23 00:00:00,latest,/tools.html,3
73,2025-10-23 00:00:00,latest,/search.html,1
74,2025-10-23 00:00:00,latest,/,1
75,2025-10-22 00:00:00,latest,/challengesopportunities.html,1
76,2025-10-22 00:00:00,latest,/,2
77,2025-10-22 00:00:00,latest,/index.html,7
78,2025-10-22 00:00:00,latest,/references.html,1
79,2025-10-22 00:00:00,latest,/funding.html,1
80,2025-10-22 00:00:00,latest,/genindex.html,1
81,2025-10-22 00:00:00,latest,/search.html,1
82,2025-10-22 00:00:00,latest,/tools.html,2
83,2025-10-21 00:00:00,latest,/,3
84,2025-10-21 00:00:00,latest,/genindex.html,1
85,2025-10-21 00:00:00,latest,/conclusions.html,1
86,2025-10-21 00:00:00,latest,/index.html,6
87,2025-10-21 00:00:00,latest,/tools.html,2
88,2025-10-21 00:00:00,latest,/challengesopportunities.html,1
89,2025-10-21 00:00:00,latest,/search.html,1
90,2025-10-20 00:00:00,latest,/conclusions.html,2
91,2025-10-20 00:00:00,latest,/search.html,1
92,2025-10-20 00:00:00,latest,/funding.html,1
93,2025-10-20 00:00:00,latest,/,1
94,2025-10-20 00:00:00,latest,/tools.html,1
95,2025-10-20 00:00:00,latest,/index.html,5
96,2025-10-19 00:00:00,latest,/challengesopportunities.html,1
97,2025-10-19 00:00:00,latest,/community.html,1
98,2025-10-19 00:00:00,latest,/funding.html,2
99,2025-10-19 00:00:00,latest,/genindex.html,1
100,2025-10-19 00:00:00,latest,/tools.html,1
101,2025-10-19 00:00:00,latest,/introduction.html,1
102,2025-10-19 00:00:00,latest,/references.html,1
103,2025-10-19 00:00:00,latest,/index.html,5
104,2025-10-19 00:00:00,latest,/conclusions.html,1
105,2025-10-18 00:00:00,latest,/,1
106,2025-10-18 00:00:00,latest,/challengesopportunities.html,1
107,2025-10-18 00:00:00,latest,/introduction.html,2
108,2025-10-18 00:00:00,latest,/funding.html,1
109,2025-10-18 00:00:00,latest,/conclusions.html,1
110,2025-10-18 00:00:00,latest,/community.html,1
111,2025-10-18 00:00:00,latest,/genindex.html,1
112,2025-10-18 00:00:00,latest,/index.html,5
113,2025-10-18 00:00:00,latest,/tools.html,2
114,2025-10-17 00:00:00,latest,/challengesopportunities.html,1
115,2025-10-17 00:00:00,latest,/tools.html,2
116,2025-10-17 00:00:00,latest,/,2
117,2025-10-17 00:00:00,latest,/conclusions.html,1
118,2025-10-17 00:00:00,latest,/index.html,8
119,2025-10-17 00:00:00,latest,/community.html,1
120,2025-10-16 00:00:00,latest,/index.html,4
121,2025-10-16 00:00:00,latest,/tools.html,3
122,2025-10-16 00:00:00,latest,/genindex.html,1
123,2025-10-16 00:00:00,latest,/funding.html,1
124,2025-10-16 00:00:00,latest,/introduction.html,1
125,2025-10-15 00:00:00,latest,/tools.html,2
126,2025-10-15 00:00:00,latest,/index.html,5
127,2025-10-14 00:00:00,latest,/index.html,10
128,2025-10-14 00:00:00,latest,/tools.html,5
129,2025-10-14 00:00:00,latest,/introduction.html,2
130,2025-10-13 00:00:00,latest,/,2
131,2025-10-12 00:00:00,latest,/index.html,3
132,2025-10-12 00:00:00,latest,/,1
133,2025-10-12 00:00:00,latest,/tools.html,3
134,2025-10-11 00:00:00,latest,/tools.html,1
135,2025-10-11 00:00:00,latest,/index.html,2
136,2025-10-10 00:00:00,latest,/search.html,1
137,2025-10-10 00:00:00,latest,/tools.html,2
138,2025-10-10 00:00:00,latest,/index.html,10
139,2025-10-10 00:00:00,latest,/community.html,1
140,2025-10-10 00:00:00,latest,/challengesopportunities.html,1
141,2025-10-09 00:00:00,latest,/index.html,4
142,2025-10-09 00:00:00,latest,/tools.html,2
143,2025-10-08 00:00:00,latest,/introduction.html,1
144,2025-10-08 00:00:00,latest,/tools.html,1
145,2025-10-08 00:00:00,latest,/index.html,4
146,2025-10-07 00:00:00,latest,/index.html,3
147,2025-10-06 00:00:00,latest,/index.html,5
148,2025-10-05 00:00:00,latest,/index.html,4
149,2025-10-05 00:00:00,latest,/tools.html,1
150,2025-10-05 00:00:00,latest,/,1
151,2025-10-04 00:00:00,latest,/tools.html,1
152,2025-10-04 00:00:00,latest,/index.html,2
153,2025-10-03 00:00:00,latest,/index.html,2
154,2025-10-03 00:00:00,latest,/,2
155,2025-10-02 00:00:00,latest,/index.html,3
156,2025-10-02 00:00:00,latest,/tools.html,1
157,2025-10-02 00:00:00,master,/index.html,1
158,2025-10-02 00:00:00,latest,/,1
159,2025-10-01 00:00:00,latest,/index.html,4
160,2025-09-30 00:00:00,latest,/index.html,2
161,2025-09-29 00:00:00,latest,/index.html,8
162,2025-09-29 00:00:00,latest,/tools.html,1
163,2025-09-28 00:00:00,master,/tools.html,1
164,2025-09-28 00:00:00,latest,/tools.html,1
165,2025-09-28 00:00:00,latest,/index.html,4
166,2025-09-27 00:00:00,latest,/tools.html,1
167,2025-09-27 00:00:00,master,/genindex.html,1
168,2025-09-27 00:00:00,latest,/introduction.html,1
169,2025-09-27 00:00:00,latest,/index.html,4
170,2025-09-26 00:00:00,latest,/index.html,10
171,2025-09-26 00:00:00,latest,/introduction.html,1
172,2025-09-26 00:00:00,latest,/tools.html,1
173,2025-09-26 00:00:00,latest,/,1
174,2025-09-25 00:00:00,latest,/index.html,5
175,2025-09-25 00:00:00,latest,/tools.html,2
176,2025-09-25 00:00:00,latest,/introduction.html,1
177,2025-09-25 00:00:00,latest,/funding.html,1
178,2025-09-25 00:00:00,latest,/conclusions.html,1
179,2025-09-25 00:00:00,latest,/challengesopportunities.html,1
180,2025-09-24 00:00:00,latest,/tools.html,3
181,2025-09-24 00:00:00,latest,/introduction.html,3
182,2025-09-24 00:00:00,latest,/references.html,1
183,2025-09-24 00:00:00,latest,/index.html,9
184,2025-09-23 00:00:00,latest,/index.html,1
185,2025-09-22 00:00:00,latest,/,2
186,2025-09-22 00:00:00,latest,/index.html,6
187,2025-09-21 00:00:00,latest,/tools.html,2
188,2025-09-21 00:00:00,latest,/challengesopportunities.html,2
189,2025-09-21 00:00:00,latest,/references.html,2
190,2025-09-20 00:00:00,latest,/references.html,1
191,2025-09-20 00:00:00,latest,/tools.html,1
192,2025-09-20 00:00:00,latest,/index.html,6
193,2025-09-20 00:00:00,latest,/challengesopportunities.html,1
194,2025-09-19 00:00:00,latest,/index.html,2
195,2025-09-19 00:00:00,latest,/tools.html,1
196,2025-09-18 00:00:00,latest,/introduction.html,1
197,2025-09-18 00:00:00,latest,/index.html,4
198,2025-09-18 00:00:00,latest,/tools.html,2
199,2025-09-17 00:00:00,latest,/index.html,8
200,2025-09-17 00:00:00,latest,/tools.html,1
201,2025-09-16 00:00:00,latest,/index.html,5
202,2025-09-16 00:00:00,latest,/tools.html,1
203,2025-09-15 00:00:00,latest,/index.html,1
204,2025-09-14 00:00:00,latest,/tools.html,1
205,2025-09-13 00:00:00,latest,/index.html,3
206,2025-09-12 00:00:00,master,/conclusions.html,1
207,2025-09-12 00:00:00,latest,/index.html,1
208,2025-09-11 00:00:00,latest,/index.html,3
209,2025-09-10 00:00:00,master,/introduction.html,1
210,2025-09-10 00:00:00,latest,/index.html,10
211,2025-09-09 00:00:00,latest,/index.html,4
212,2025-09-08 00:00:00,latest,/index.html,6
213,2025-09-08 00:00:00,latest,/funding.html,1
214,2025-09-08 00:00:00,master,/tools.html,1
215,2025-09-07 00:00:00,latest,/challengesopportunities.html,1
216,2025-09-07 00:00:00,latest,/index.html,2
217,2025-09-06 00:00:00,master,/challengesopportunities.html,1
218,2025-09-06 00:00:00,latest,/index.html,6
219,2025-09-06 00:00:00,master,/funding.html,1
220,2025-09-05 00:00:00,latest,/index.html,5
221,2025-09-05 00:00:00,master,/index.html,1
222,2025-09-05 00:00:00,latest,/introduction.html,1
223,2025-09-05 00:00:00,latest,/tools.html,1
224,2025-09-04 00:00:00,master,/community.html,1
225,2025-09-04 00:00:00,latest,/index.html,7
226,2025-09-03 00:00:00,latest,/references.html,1
227,2025-09-03 00:00:00,master,/index.html,1
228,2025-09-03 00:00:00,latest,/conclusions.html,1
229,2025-09-03 00:00:00,latest,/index.html,4
230,2025-09-02 00:00:00,master,/references.html,1
231,2025-09-02 00:00:00,latest,/tools.html,2
232,2025-09-02 00:00:00,latest,/index.html,5
233,2025-08-31 00:00:00,latest,/index.html,3
234,2025-08-29 00:00:00,latest,/introduction.html,1
235,2025-08-29 00:00:00,latest,/index.html,5
236,2025-08-28 00:00:00,latest,/index.html,4
237,2025-08-27 00:00:00,latest,/index.html,2
238,2025-08-26 00:00:00,latest,/tools.html,2
239,2025-08-26 00:00:00,latest,/index.html,7
240,2025-08-25 00:00:00,master,/funding.html,1
241,2025-08-25 00:00:00,master,/tools.html,3
242,2025-08-25 00:00:00,latest,/index.html,3
243,2025-08-24 00:00:00,latest,/index.html,4
244,2025-08-24 00:00:00,latest,/tools.html,1
245,2025-08-23 00:00:00,latest,/index.html,3
246,2025-08-22 00:00:00,latest,/tools.html,1
247,2025-08-22 00:00:00,latest,/index.html,9
248,2025-08-21 00:00:00,latest,/index.html,3
249,2025-08-21 00:00:00,latest,/tools.html,1
250,2025-08-20 00:00:00,latest,/index.html,1
251,2025-08-20 00:00:00,latest,/tools.html,4
252,2025-08-19 00:00:00,latest,/index.html,3
253,2025-08-18 00:00:00,latest,/index.html,4
254,2025-08-18 00:00:00,latest,/tools.html,2
255,2025-08-17 00:00:00,latest,/introduction.html,1
256,2025-08-17 00:00:00,latest,/index.html,4
257,2025-08-16 00:00:00,latest,/index.html,5
258,2025-08-15 00:00:00,latest,/index.html,2
259,2025-08-14 00:00:00,latest,/challengesopportunities.html,4
260,2025-08-14 00:00:00,latest,/index.html,2
261,2025-08-14 00:00:00,latest,/funding.html,2
262,2025-08-14 00:00:00,latest,/conclusions.html,2
263,2025-08-14 00:00:00,latest,/community.html,2
264,2025-08-14 00:00:00,latest,/tools.html,1
265,2025-08-14 00:00:00,latest,/search.html,2
266,2025-08-14 00:00:00,latest,/references.html,2
267,2025-08-14 00:00:00,latest,/introduction.html,2
268,2025-08-13 00:00:00,latest,/index.html,2
269,2025-08-12 00:00:00,latest,/tools.html,1
270,2025-08-12 00:00:00,latest,/funding.html,1
271,2025-08-12 00:00:00,latest,/index.html,3
272,2025-08-12 00:00:00,latest,/introduction.html,1
273,2025-08-11 00:00:00,latest,/introduction.html,1
274,2025-08-11 00:00:00,latest,/index.html,1
275,2025-08-10 00:00:00,latest,/tools.html,1
276,2025-08-09 00:00:00,latest,/index.html,3
277,2025-08-08 00:00:00,latest,/index.html,2
278,2025-08-07 00:00:00,latest,/index.html,5
279,2025-08-07 00:00:00,latest,/tools.html,1
280,2025-08-06 00:00:00,latest,/index.html,5
281,2025-08-05 00:00:00,latest,/index.html,3
282,2025-08-05 00:00:00,latest,/tools.html,1
283,2025-08-05 00:00:00,latest,/funding.html,1
